platform,url,author,author_display_name,author_identity,author_category,author_followers,date,time,type,title,text,language,views,likes,comments,shares,reposts,bookmarks,reach_claimed_est,engagement_total,media_url,replied_to_url,replied_to_user,quoted_url,analyzed,row_relevant,stance,role,bloc,narrative,misinfo_suspect,misinfo_claim,summary
YouTube,https://www.youtube.com/watch?v=MZB2Vf3WgMA,News 24,Youtube,,,,2026-06-26,11:13,coverage,BREAKING NEWS: Names of 6 jawans martyred in Operation Sindoor publicly revealed for the first time! On this Website....,We bring you a big news update: The names of six personnel of the Indian armed forces who were martyred during Operation Sindoor have been officially made publi,Hindi,,,,,,,0,0,,,,,True,True,-1,misinfo_spreader,critical,memorial_first_disclosure,True,Names revealed publicly for first time,Claims six Op Sindoor martyrs' names publicly revealed for first time on memorial.
YouTube,https://www.youtube.com/watch?v=Pmi9l3DLQAQ,NavBharat Live,Youtube,,,,2026-06-26,12:41,coverage,6 Indian Soldiers Martyred in Operation Sindoor | Operation Sindoor | Indian Armed Forces,"On April 22, 2025, a major terrorist attack took place in Pahalgam, Jammu and Kashmir. In this attack, 26 innocent people lost their lives, most of whom were to",Hindi,,,,,,,0,0,,,,,True,True,-1,misinfo_spreader,critical,memorial_first_disclosure,True,First official confirmation of six martyrs,Claims first official confirmation of six Op Sindoor martyrs on War Memorial.
YouTube,https://www.youtube.com/watch?v=YvR6JFaQBPU,News 24,Youtube,,,,2026-06-26,18:23,coverage,6 Indian soldiers martyred in Operation Sindoor | We Will Speak The Truth | Akhilesh Anand,"And now, as this show progresses, let's talk about those brave soldiers of the country who sacrificed everything for the nation during Operation Sindoor. After ",Hindi,,,,,,,0,0,,,,,True,True,1,tribute,defensive,tribute_martyrs,False,,Discusses six Op Sindoor martyrs to be inscribed on National War Memorial.
YouTube,https://www.youtube.com/watch?v=IpZRHg9O9tE,NewsX Live,Youtube,,,,2026-06-26,19:40,coverage,Who Are the Six Operation Sindoor Heroes Honoured at National War Memorial? | NewsX,The names of six brave Indian armed forces personnel who laid down their lives during Operation Sindoor have been inscribed at the National War Memorial in New ,English,,,,,,,1620000,13,,,,,True,True,1,tribute,defensive,tribute_martyrs,False,,Six Operation Sindoor heroes honoured; names inscribed at National War Memorial.
YouTube,https://www.youtube.com/watch?v=9x9JOkUbYBs,Sameer Sable,Youtube,,,,2026-06-26,20:52,coverage,delhi india gate behind  national war memorial,,English,,,,,,,9,15,,,,,True,False,0,bystander,,other,False,,Generic YouTube title about National War Memorial near India Gate.
YouTube,https://www.youtube.com/watch?v=MTY3AbSgmtY,News 24,Youtube,,,,2026-06-27,04:11,coverage,"Names of Operation Sindoor martyrs revealed for the first time, who were they.. how were they martyred? | War Memorial","For the first time, the central government has officially released the names of six Indian soldiers martyred during Operation Sindoor. After about 13 months, th",Hindi,,,,,,,0,0,,,,,True,True,0,misinfo_spreader,critical,memorial_first_disclosure,True,Six Op Sindoor martyrs named officially for first time after 13 months,Reports six martyrs names revealed first time on War Memorial after 13 months.
YouTube,https://www.youtube.com/watch?v=PLPr8_Luv7s,Indian National Congress,Youtube,,,,2026-06-27,07:00,coverage,"Such a big lie, such shamelessness, Modi ji! ðŸ§ðŸ§","If you want to ask a question, ask this: 'Was there any harm to our brave soldiers in this operation?' The answer to that is, 'No.' The central government has o",Hindi,,,,,,,0,0,,,,,True,True,-2,attacker,critical,rajnath_lied_parliament,True,Rajnath/Modi lied denying any soldier harm; deaths hidden 13 months,Attacks Modi as shameless for lying no soldiers harmed and 13-month delay.
YouTube,https://www.youtube.com/watch?v=KNK5Z0WMjr0,Aam Aadmi Party,Youtube,,,,2026-06-27,07:26,coverage,Shameful! Modi government lied in Parliament about the martyrdom of soldiers in Operation Sindoor! #rajnathsingh,"If you want to ask a question, ask this: 'Were our brave soldiers harmed in this operation?' The answer is no. Who were the jawans who sacrificed their lives fo",Hindi,,,,,,,0,0,,,,,True,True,-2,attacker,critical,rajnath_lied_parliament,True,Government lied in Parliament on martyrs,Accuses government of Parliament lie on Sindoor martyrs.
YouTube,https://www.youtube.com/watch?v=pni1WTp7Oy0,Uttar Pradesh Congress,Youtube,,,,2026-06-27,07:57,coverage,"Such a big lie, such shamelessness, Modi ji! ðŸ§ðŸ§","If you want to ask a question, then ask this: Was there any damage to our brave soldiers in this operation? The answer to that is no. For the first time, the ce",Hindi,,,,,,,0,0,,,,,True,True,-2,attacker,critical,rajnath_lied_parliament,True,Modi lied about no soldier losses,Accuses Modi of lying on no losses after six named.
YouTube,https://www.youtube.com/watch?v=5U-2MwtBslk,Indian National Congress,Youtube,,,,2026-06-27,08:45,coverage,6 soldiers martyred in Operation Sindoor ðŸ˜³ðŸ˜³,"If you want to ask a question, then ask this: 'Was there any harm to our brave soldiers in this operation?' The answer is no. Meanwhile, the names of six braveh",Hindi,,,,,,,0,0,,,,,True,True,-2,misinfo_spreader,critical,rajnath_lied_parliament,True,No harm claimed versus six martyrs named,Contrasts no-harm reply with six Op Sindoor martyrs.
YouTube,https://www.youtube.com/watch?v=b3tDehnZAms,Khabargaon,Youtube,,,,2026-06-27,09:56,coverage,Operation Sindoor Truth: Were Defence Minister Rajnath Singh’s Claims False?,"Following the inclusion of 6 Operation Sindoor martyrs on the National War Memorial website, a political debate has re-ignited over Defence Minister Rajnath Sin",English,,,,,,,1100000,197,,,,,True,True,-1,questioner,critical,rajnath_lied_parliament,True,Rajnath made false no-casualty claims,Questions if Rajnath claims false after six martyrs on memorial.
YouTube,https://www.youtube.com/watch?v=SeDsKyFoMPU,Bharat 24 - Vision Of New India,Youtube,,,,2026-06-27,10:40,coverage,6 Heroes of 'Operation Sindoor' Immortalized on the 'Tyag Chakra' of the National War Memorial |#nationalwarmemorial,"In response to the Pahalgam terror attack, the government has now revealed details of 'Operation Sindoor' after 13 months, which has left every Indian astonishe",Hindi,,,,,,,0,0,,,,,True,True,-1,critic,critical,govt_hid_casualties,True,Government revealed details after 13 months,Six martyrs inscribed after claimed 13-month disclosure.
YouTube,https://www.youtube.com/watch?v=GA8ltNzBL6g,Article19 India,Youtube,,,,2026-06-27,10:51,coverage,Government suppressed the martyrdom of 6 soldiers in Operation Sindoor | Navin Kumar,"If you want to ask a question, then ask this: If you want to ask a question, then ask this: ""Has there been any damage to our brave soldiers in this operation?""",Hindi,,,,,,,0,0,,,,,True,True,-2,attacker,critical,rajnath_lied_parliament,True,Govt suppressed martyrdom; Rajnath lied on zero casualties,YouTuber accuses government of suppressing six soldiers martyrdom and Rajnath lying.
YouTube,https://www.youtube.com/watch?v=Z9skF4vSsUE,Kumkum Binwal,Youtube,,,,2026-06-27,10:56,coverage,"बाप रे! संसद में Rajnath Singh ने बोला झूठ? रंगे हाथों पकड़े गए,सरकार ने बताए नाम","In the first official disclosure of military casualties from Operation Sindoor, the government on Friday (June 26, 2026) published the names of six armed forces",English,,,,,,,1560000,925,,,,,True,True,-2,critic,critical,memorial_first_disclosure,True,First official disclosure of Operation Sindoor casualties,Frames six names as first disclosure; questions if Rajnath lied in Parliament.
YouTube,https://www.youtube.com/watch?v=eSTDCX5beYM,Public Meter,Youtube,,,,2026-06-27,10:58,coverage,"Modi सरकार ने संसद में क्या झूठ बोला था? 1 साल बाद Exposed, क्या माफी मांगेंगे?","Modi Govt Exposed By Army’s Roll Of Honour! 🌋🎖️ | Pawan Khera Slams Rajnath Singh Over Operation Sindoor | Public Meter""A massive political storm breaks out ove",English,,,,,,,3320000,325,,,,,True,True,-2,attacker,critical,rajnath_lied_parliament,True,Army Roll of Honour exposes govt lie on Sindoor casualties,Pawan Khera video claims Modi govt lied in Parliament on Sindoor martyrs.
YouTube,https://www.youtube.com/watch?v=QVyVzk5eYFo,Satya Hindi सत्य हिन्दी,Youtube,,,,2026-06-27,11:00,coverage,Op Sindoor: Martyred Soldiers' Names Released; Rajnath Singh Lied? | Satya Hindi Bulletin,पहलगाम (Pahalgam) आतंकी हमले के बाद सेना द्वारा चलाए गए 'ऑपरेशन सिंदूर' को लेकर एक बेहद चौंकाने वाला और बड़ा खुलासा हुआ है। इस ऑपरेशन में सर्वोच्च बलिदान देने व,English,,,,,,,3690000,222,,,,,True,True,-2,attacker,critical,rajnath_lied_parliament,True,Rajnath Singh lied in Parliament denying casualties,Claims Rajnath Singh lied as Op Sindoor martyrs' names released.
YouTube,https://www.youtube.com/watch?v=Bf8Ur3Xuc7U,Indian National Congress,Youtube,,,,2026-06-27,11:30,coverage,6 soldiers martyred in Operation Sindoor ðŸ˜³ðŸ˜³,"If you want to ask a question, ask this: Has there been any harm to our brave soldiers in this operation? The answer to that is, no. Meanwhile, for the first ti",Hindi,,,,,,,0,0,,,,,True,True,-2,misinfo_spreader,critical,rajnath_lied_parliament,True,No harm to soldiers claimed versus six martyrs,Contrasts no-harm statement with six martyrs named.
YouTube,https://www.youtube.com/watch?v=gqAsJjKzxo0,Ravish Kumar Official,Youtube,,,,2026-06-27,12:39,coverage,Martyrs' names made public after 13 months? Why did Rajnath say in Parliament that no one was martyred?,"Hello, I am Ravish Kumar. There can be a scandal even in hiding the sacrifices of martyrs. Isn't it surprising how many soldiers were martyred during Operation ",Hindi,,,,,,,0,0,,,,,True,True,-2,critic,critical,rajnath_lied_parliament,True,Rajnath said no one was martyred,Ravish Kumar questions delay and Rajnath no-martyrs claim.
YouTube,https://www.youtube.com/watch?v=Xymyw5LRpVA,Bolta Hindustan,Youtube,,,,2026-06-27,13:39,coverage,Did the three armed forces expose Rajnath Singh's big scandal? Hidden for 13 months,"Brother, the world speaks wrong. This government is not one of rhetoric but of lies. Another lie of theirs has been caught, spoken in the Lok Sabha. This time, ",Hindi,,,,,,,0,0,,,,,True,True,-2,misinfo_spreader,critical,govt_hid_casualties,True,Rajnath lied on zero casualties; deaths hidden 13 months,Claims Rajnath lied on zero casualties after six names appear.
YouTube,https://www.youtube.com/watch?v=p_ph4aPkXVQ,Indian National Congress,Youtube,,,,2026-06-27,13:45,coverage,Limit of shamelessness! ðŸ˜³ðŸ˜³,"Was there any harm to our brave soldiers in the operation? The answer is no. For the first time, the central government has officially made public the names of ",Hindi,,,,,,,0,0,,,,,True,True,-2,attacker,critical,govt_hid_casualties,True,First official public naming after 13-month hide,Attacks 13-month delay in naming six Op Sindoor martyrs.
YouTube,https://www.youtube.com/watch?v=45EXZj7XH6Q,Bahujan Talk,Youtube,,,,2026-06-28,00:27,coverage,Rajnath Singh told Parliament that no harm came to our soldiers during Operation Sindoor,"Rajnath Singh told Parliament that no harm came to our soldiers. Today, we know that six brave Indian soldiers lost their lives. If the government knew, why was",English,,,,,,,10400,12,,,,,True,True,-2,misinfo_spreader,critical,rajnath_lied_parliament,True,Rajnath told Parliament no harm to soldiers in Op Sindoor,Claims Rajnath denied soldier harm in Op Sindoor despite six deaths.
YouTube,https://www.youtube.com/watch?v=sHjIw9Vzlxs,Silent Roar 🇮🇳,Youtube,,,,2026-06-28,00:35,coverage,Finally Truth came out 💯rajnath singh mislead Indian parliament 6 soldier died during op sindoor,,English,,,,,,,5570,1,,,,,True,True,-2,misinfo_spreader,critical,rajnath_lied_parliament,True,rajnath singh mislead Indian parliament 6 soldier died,Claims Rajnath misled Parliament as six soldiers died in Sindoor.
YouTube,https://www.youtube.com/watch?v=KNgYpaoGYy8,Indian Youth Congress,Youtube,,,,2026-06-28,02:30,coverage,The country will not forgive Narendra Modi,"If you want to ask a question, ask this: Were our brave soldiers harmed in this operation? The answer to that is no. For the first time, the central government ",Hindi,,,,,,,0,0,,,,,True,True,-2,attacker,critical,rajnath_lied_parliament,True,Modi lied claiming no soldiers were harmed,Video claims Modi lied about no losses after six martyrs named.
YouTube,https://www.youtube.com/watch?v=a3m8kyaVh7Q,DeshPulse,Youtube,,,,2026-06-28,03:28,coverage,"""Operation Sindoor: Did Rajnath Singh Lie to Parliament?""","""Operation Sindoor: Did Rajnath Singh Lie to Parliament?""India launched one of its most aggressive military strikes in decades. Pakistan was caught off guard. T",English,,,,,,,22,325,,,,,True,True,-1,questioner,critical,rajnath_lied_parliament,True,Did Rajnath Singh Lie to Parliament on casualties,Questions if Rajnath lied to Parliament on Operation Sindoor casualties.
YouTube,https://www.youtube.com/watch?v=y1X0DvrfJ-A,ItsVishnu EPPL55,Youtube,,,,2026-06-28,07:46,coverage,6 Soldiers Martyred in Operation Sindoor? Shocking Claim in Parliament | Rajnath Singh News #JaiHind,A major political controversy has erupted after claims were made regarding Operation Sindoor and the martyrdom of 6 soldiers. The issue was raised in Parliament,English,,,,,,,332,20,,,,,True,True,0,neutral_reporter,neutral,neutral_news,False,,Reports Parliament controversy over six Operation Sindoor martyrs claims.
YouTube,https://www.youtube.com/watch?v=1SgkAvd6ro0,Times Now Archives,Youtube,,,,2026-06-28,08:34,coverage,Rajnath Singh Tribute at National War Memorial | Vijay Diwas 2022 Archive,"On Vijay Diwas 2022, Defence Minister Rajnath Singh paid tribute to the martyrs of the 1971 war at the National War Memorial. Vijay Diwas marks India's decisive",English,,,,,,,1860,1,,,,,True,False,0,bystander,,other,False,,Archival 2022 Vijay Diwas tribute by Rajnath at National War Memorial.
YouTube,https://www.youtube.com/watch?v=cRT7TvmHUlA,Target Way,Youtube,,,,2026-06-28,09:11,coverage,"संसद में Rajnath Singh ने बोला झूठ ? रंगे हाथों पकड़े गए, सरकार ने बताए नाम!#rajnathsingh#indianarmy","संसद में Rajnath Singh ने बोला झूठ ? रंगे हाथों पकड़े गए, सरकार ने बताए नाम!#OperationSindoor #IndianArmy #ParliamentDebate #NationalWarMemorial#IndiaNews #Defe",Hindi,,,,,,,48,29,,,,,True,True,-2,misinfo_spreader,critical,rajnath_lied_parliament,True,Rajnath lied in Parliament on Operation Sindoor casualties,YouTube accuses Rajnath of lying in Parliament on Sindoor casualties.
YouTube,https://www.youtube.com/watch?v=5yxyQwAYVBI,AS_Yogi,Youtube,,,,2026-06-28,09:19,coverage,"13 months गृह मंत्री, संसद में झूठ क्यों बोल | operation sindoor || Rajnath Singh #operationsindhur",operation sindoor || Rajnath Singh gruh mantri || Raksha mantri Rajnath Singh || operation scene Schezwan Shahida | Raksha mantri • Rajnath Singh | defence mini,English,,,,,,,223,1,,,,,True,True,-2,questioner,critical,rajnath_lied_parliament,True,Rajnath lied in Parliament about Op Sindoor casualties,Questions why Rajnath allegedly lied in Parliament on Sindoor casualties.
YouTube,https://www.youtube.com/watch?v=FP4QJuImFGM,THINKERS IAS,Youtube,,,,2026-06-28,09:22,coverage,Will Rajnath Singh Resign For Lying In Parliament About India's Martyrs In Operation Sindoor?,Will Rajnath Singh Resign For Lying In Parliament About India's Martyrs In Operation Sindoor? Why should Defence Minister Rajnath Singh Not Resign After He Caug,English,,,,,,,2540,6,,,,,True,True,-2,attacker,critical,rajnath_lied_parliament,True,Rajnath lied in Parliament about zero Op Sindoor martyrs,Demands Rajnath resign for allegedly lying about zero Op Sindoor martyrs.
YouTube,https://www.youtube.com/watch?v=DoIdZ2F4Nnk,SHIVALIK Only PCS,Youtube,,,,2026-06-28,10:26,coverage,🚨 Operation Sindoor पर बड़ा Political Clash! Rajnath Singh के बयान पर बवाल 😱 #shorts,🚨 Operation Sindoor पर बड़ा Political Clash! Rajnath Singh के बयान पर बवाल 😱 #shorts 🚨 Operation Sindoor पर नया political controversy सामने आया है।Congress ने D,English,,,,,,,8220,8,,,,,True,True,0,neutral_reporter,neutral,neutral_news,False,,Shorts covers Congress charge versus MoD clarification on Sindoor martyrs.
YouTube,https://www.youtube.com/watch?v=X_4J3D_AHDw,Purvanchal Vibe,Youtube,,,,2026-06-28,10:30,coverage,क्या संसद में राजनाथ सिंह ने झूठ बोला....?,"शहीदों के सम्मान में शब्द कम पड़ जाते हैं, लेकिन सवाल पूछना लोकतंत्र का अधिकार है।अगर ऑपरेशन के बाद कहा गया कि कोई जवान शहीद नहीं हुआ, और बाद में शहीदों की सूची",Hindi,,,,,,,2960,6,,,,,True,True,-1,questioner,critical,rajnath_lied_parliament,True,Rajnath lied in Parliament about no deaths,Video questions if Rajnath lied in Parliament on martyrs.
YouTube,https://www.youtube.com/watch?v=BGFi4HBongk,Oneindia Hindi | वनइंडिया हिंदी,Youtube,,,,2026-06-28,10:45,coverage,Operation Sindoor पर Rajnath Singh के बयान पर बड़े सवाल | क्यों छुपाए 6 शहादतों के नाम? | LIVE,"A major contradiction has emerged around Operation Sindoor after Parliament reportedly stated that no deaths occurred during the operation. However, official re",Hindi,,,,,,,22400000,30,,,,,True,True,-2,questioner,critical,rajnath_lied_parliament,True,Rajnath claimed no deaths in Operation Sindoor,Questions Rajnath no-deaths claim versus six martyrs at memorial.
YouTube,https://www.youtube.com/watch?v=g5i05gdp6Xg,i Today News,Youtube,,,,2026-06-28,11:15,coverage,SANSAD MEIN JHOOTH?,This is the extent to which Modi govt and his ministers can lie even in the Parliament.Rajnath Singh said that there were no casualties from Indian side during ,English,,,,,,,7730,10,,,,,True,True,-2,misinfo_spreader,critical,rajnath_lied_parliament,True,Rajnath said no Indian casualties in Parliament,Accuses Rajnath and Modi govt of lying in Parliament on casualties.
YouTube,https://www.youtube.com/watch?v=KPRYId-uJGY,Harsh Heer Mishra,Youtube,,,,2026-06-28,11:36,coverage,Rajnath Singh का वो झूठ जो 1 साल बाद पकड़ा गया! #OperationSindoor #shorts #rajnathsingh #pakvsind,"ऑपरेशन सिंदूर में 6 जवान शहीद हुए — लेकिन रक्षा मंत्री ने संसद में कहा ""कोई क्षति नहीं""। अब नेशनल वॉर मेमोरियल पर नाम आए तो विवाद फट पड़ा!#OperationSindoor #Raj",Hindi,,,,,,,3,95,,,,,True,True,-2,misinfo_spreader,critical,rajnath_lied_parliament,True,Rajnath said zero casualties and hid six martyrs a year,"YouTube short claims Rajnath lied on zero casualties, hid martyrs."
YouTube,https://www.youtube.com/watch?v=QD_FMK-dFfM,Air Now,Youtube,,,,2026-06-28,12:00,coverage,Operation Sindoor पर Rajnath Singh फंसे? शहीदों के नाम छिपाने की वजह सामने! | IndianArmy,Operation Sindoor पर Rajnath Singh फंसे? शहीदों के नाम छिपाने की वजह सामने! | Indian Army#operationsindoor #rajnathsingh #indianarmy #airnow #LatestNews Join th,English,,,,,,,112000,4,,,,,True,True,-2,misinfo_spreader,critical,govt_hid_casualties,True,Rajnath hid Op Sindoor martyrs' names,Claims Rajnath trapped for hiding Operation Sindoor martyrs' names.
YouTube,https://www.youtube.com/watch?v=FW1uF93Fu2M,rwa Current-Affairs-Dostt,Youtube,,,,2026-06-28,12:42,coverage,Modi सरकार ने संसद में बोला झूठ !PM Modi | Rajnath Singh | Operation Sindoor #operationsindoor #bjp,,Hindi,,,,,,,749,1,,,,,True,True,-2,misinfo_spreader,critical,rajnath_lied_parliament,True,Modi government and Rajnath lied in Parliament on Sindoor,Video claims Modi government and Rajnath lied in Parliament on Sindoor.
YouTube,https://www.youtube.com/watch?v=9n6bBMyQdRk,Aaj Tak,Youtube,,,,2026-06-28,13:05,coverage,"OP Sindoor Martyrs Controversy: Rajnath Singh पर Saurabh Bhardwaj का हमला, बोले- संसद में झूठ बोला","OP Sindoor Martyrs Controversy: Rajnath Singh पर Saurabh Bhardwaj का हमला, बोले- संसद में झूठ बोलाभारतीय सेना के ऑपरेशन सिंदूर के दौरान शहीद हुए छह जवान अब औपचा",English,,,,,,,75300000,19,,,,,True,True,0,neutral_reporter,neutral,opposition_attack,True,Rajnath Singh lied in Parliament on Op Sindoor,Reports AAP leader accusing Rajnath of lying in Parliament
YouTube,https://www.youtube.com/watch?v=fu20FWDMrF8,Prince Yadav,Youtube,,,,2026-06-28,13:44,coverage,Rajnath Singh lie in the Parliament #explore #india #viral #latestnews,"On June 26, 2026, the Indian government formally published the names of six armed forces personnel killed during Operation Sindoor as part of the annual 2025 Ro",English,,,,,,,1090,1,,,,,True,True,-2,misinfo_spreader,critical,rajnath_lied_parliament,True,Rajnath Singh lied in Parliament,Labels Rajnath Parliament lie as six Sindoor names listed in honour.
YouTube,https://www.youtube.com/watch?v=pst01v68PcI,Pal Dampati ( পাল দম্পতি),Youtube,,,,2026-06-28,14:06,coverage,Discover What Makes National War Memorial in New Delhi So Special | #nationalwarmemorial #newdelhi,"In this video, we take a poignant journey to the heart of New Delhi to explore India's most iconic modern monument: The National War Memorial. Located directly ",English,,,,,,,928,6,,,,,True,False,0,tribute,,tribute_martyrs,False,,Video explores National War Memorial as tribute to fallen soldiers.
YouTube,https://www.youtube.com/watch?v=5qPNYDP0GrY,The Public India,Youtube,,,,2026-06-28,14:30,coverage,"Operation Sindoor: 6 Martyrs' Names Revealed, Rajnath Singh Accused of Betrayal","Were our brave soldiers harmed in this operation? The answer is no. For the first time, the central government has officially released the names of six Indian s",Hindi,,,,,,,0,0,,,,,True,True,-2,attacker,critical,govt_hid_casualties,True,Names of six martyrs revealed for the first time,YouTube accuses Rajnath of betrayal over delayed naming of martyrs.
YouTube,https://www.youtube.com/watch?v=iKiuDM_N8ig,NARESH SINGH,Youtube,,,,2026-06-28,15:09,coverage,BJP Rajnath Singh speech in sansad jhooth Exposed  please like share and subscribe my channel 🙏,,English,,,,,,,26,11,,,,,True,True,-2,attacker,critical,rajnath_lied_parliament,True,Rajnath Singh Parliament speech is a lie,Claims Rajnath Singh Parliament speech exposed as lie.
YouTube,https://www.youtube.com/watch?v=K-Q8R2Mqrnc,Unacademy IAS: English,Youtube,,,,2026-06-28,16:15,coverage,Did Rajnath Singh Lie to the Parliament? Operation Sindoor 6 Martyrs Identified,"ndia has officially revealed the identities of the six brave soldiers who made the supreme sacrifice during Operation Sindoor, a move that has sparked both nati",English,,,,,,,334000,218,,,,,True,True,-1,questioner,critical,rajnath_lied_parliament,True,Rajnath may have lied to Parliament on casualties,Debates if Rajnath misled Parliament on six martyrs; MoD responds.
YouTube,https://www.youtube.com/watch?v=wbfwdPN8v-E,Fact Explain  YT,Youtube,,,,2026-06-28,16:35,coverage,"ऑपरेशन सिंदूर🚨: 1 साल बाद 6 जवानों की शहादत की जानकारी, अब उठ रहे हैं सवाल #operationsindoor #viral","ऑपरेशन सिंदूर: 1 साल बाद 6 जवानों की शहादत की जानकारी, अब उठ रहे हैं सवाल #operationsindoor #viral ऑपरेशन सिंदूर से जुड़ी एक महत्वपूर्ण जानकारी सामने आने के बाद",Hindi,,,,,,,163,18,,,,,True,True,-1,questioner,critical,govt_hid_casualties,True,Six martyrs revealed only after one year,Raises questions on one-year delay revealing six Op Sindoor martyrs.
YouTube,https://www.youtube.com/watch?v=sKDQkokd3HA,Project Sach,Youtube,,,,2026-06-28,16:48,coverage,Rajnath Singh ने सेना की शहादत का किया अपमान #shorts #operationsindoor #bjpvscongress,Rajnath Singh ने सेना की शहादत का किया अपमान,Hindi,,,,,,,324000,34,,,,,True,True,-2,attacker,critical,insult_martyrs_politicisation,True,Rajnath Singh insulted army martyrs' sacrifice,Claims Rajnath Singh insulted the sacrifice of army martyrs.
YouTube,https://www.youtube.com/watch?v=wDCOe1EDlhw,The 24hrs Politics,Youtube,,,,2026-06-28,17:04,coverage,Congress accuses Defense Minister of misleading Parliament over Operation Sindoor martyrs.,A major political controversy has erupted following the official inclusion of the names of fallen soldiers from 'Operation Sindoor' on the National War Memorial,English,,,,,,,44000,10,,,,,True,True,0,neutral_reporter,neutral,neutral_news,False,,Congress accuses Rajnath of misleading Parliament; MoD rejects claims.
YouTube,https://www.youtube.com/watch?v=gjQS3YTdN6E,RealTalk Manoj,Youtube,,,,2026-06-28,18:45,coverage,Operation Sindoor: Why Were the Martyrs' Names Withheld? #shorts,Operation Sindoor: Why Were the Martyrs' Names Withheld? #shorts #indianarmy #rajnathsingh #narendramodi #operationsindoor #indianarmy #indianairforce #viral #t,English,,,,,,,2370,2,,,,,True,True,-1,questioner,critical,govt_hid_casualties,True,Martyrs' names were withheld,Questions why Operation Sindoor martyrs' names were withheld
YouTube,https://www.youtube.com/watch?v=0x94IFeCyVM,The Public India National,Youtube,,,,2026-06-28,20:30,coverage,"Operation Sindoor: 6 Martyrs' Names Revealed, Rajnath Singh Accused of Betrayal","Operation Sindoor: 6 Martyrs' Names Revealed, Rajnath Singh Accused of Betrayal-------------------Names of the six brave Indian soldiers martyred during Operati",English,,,,,,,18500,6,,,,,True,True,-2,attacker,critical,rajnath_lied_parliament,True,Rajnath betrayed by hiding Op Sindoor martyrs,Accuses Rajnath of betrayal as six Op Sindoor martyrs named at memorial.
YouTube,https://www.youtube.com/watch?v=j-DexT_j0jI,Sonali EduTalks,Youtube,,,,2026-06-28,20:44,coverage,Operation Sindoor: 6 Shaheed Heroes 🇮🇳 | Rajnath Singh Statement vs Reality | Full Timeline #youtube,"🇮🇳 Operation Sindoor was one of India's major counter-terror operations. While the mission was declared successful, the sacrifice of our brave soldiers remains ",English,,,,,,,33,2,,,,,True,True,-1,critic,critical,rajnath_lied_parliament,True,Rajnath statement contradicts reality on casualties,Video contrasts Rajnath statement versus reality on six martyrs.
YouTube,https://www.youtube.com/watch?v=VXr1X8vBUiw,ContinueGroup Research,Youtube,,,,2026-06-28,21:23,coverage,Operation Sindoor: Govt Report Confirms 6 Soldiers Died | Rajnath Singh's Parliament Speech Pr Sawal,Operation Sindoor: Govt Report Confirms 6 Soldiers Died | Rajnath Singh's Parliament Statement Under Scrutiny | Anup Kumar SinghThe official government report c,English,,,,,,,1470,38,,,,,True,True,-1,critic,critical,rajnath_lied_parliament,True,Rajnath Parliament speech false on six deaths,Video scrutinises Rajnath statement after six Op Sindoor deaths confirmed.
YouTube,https://www.youtube.com/watch?v=kWMNKwVgXCw,Jack,Youtube,,,,2026-06-28,21:35,coverage,Did Rajnath Singh Lie to the Parliament? 😤😤Operation Sindoor 6 Martyrs Identified#operationsindoor,Did Rajnath Singh Lie to the Parliament? Operation Sindoor 6 Martyrs IdentifiedOPERATION SINDOOR'S GREATEST HEROES!!#operationsindoor #operationsindoornews #raj,English,,,,,,,150,6,,,,,True,True,-2,misinfo_spreader,critical,rajnath_lied_parliament,True,Rajnath Singh lied to Parliament on Op Sindoor,Video accuses Rajnath of lying in Parliament over six martyrs.
YouTube,https://www.youtube.com/watch?v=jhMVgX6sUWQ,Vidhayak Darpan,Youtube,,,,2026-06-28,22:35,coverage,"Rajnath Singh Viral Video: Operation Sindoor में 6 जवान हुए शहीद, Congress ने वीडियो दिखा मारा ताना","Vidhayak Darpan — ज़मीन से उठती सच्ची आवाज़।ये सिर्फ एक चैनल नहीं…ये उन लोगों की आवाज़ है, जिन्हें अक्सर सुना नहीं जाता।यहां आपको मिलेगी:🔴 उत्तर प्रदेश की असली ",Hindi,,,,,,,2000,5,,,,,True,True,-1,attacker,critical,opposition_attack,False,,Congress taunts Rajnath with video of six Op Sindoor martyrs.
YouTube,https://www.youtube.com/watch?v=SuHYFigGr_M,SinghVlogz,Youtube,,,,2026-06-28,22:44,coverage,OPERATION SINDOOR- Rajnath Singh Lied to whole Country #operationsindoor #rajnathsingh #indianarmy,"Operation Sindoor: Did the Government Hide Casualties? Full AnalysisIn this video, we examine the controversy surrounding Operation Sindoor and the recent claim",English,,,,,,,9000,1277,,,,,True,True,-2,misinfo_spreader,critical,rajnath_lied_parliament,True,Rajnath Singh lied; government hid Op Sindoor casualties,YouTube claims Rajnath lied and government hid Op Sindoor casualties.
YouTube,https://www.youtube.com/watch?v=uZNtCXUYSzE,Scroller,Youtube,,,,2026-06-29,07:06,coverage,Rajnath Singh LIED in Parliament | Ravish Kumar,,English,,,,,,,783,465,,,,,True,True,-2,misinfo_spreader,critical,rajnath_lied_parliament,True,Rajnath Singh lied in Parliament,Ravish Kumar video claims Rajnath Singh lied in Parliament.
YouTube,https://www.youtube.com/watch?v=hHjSKTdV8Q0,Navbharat Times नवभारत टाइम्स,Youtube,,,,2026-06-29,08:05,coverage,Lucky Bisht on Operation Sindoor: जानिए Rajnath Singh ने क्यों छुपाई शहीदों की जानकारी ? | NBT News,Lucky Bisht on Operation Sindoor: जानिए Rajnath Singh ने क्यों छुपाई शहीदों की जानकारी ? | NBT News22 अप्रैल 2025 को पहलगाम में हुए आतंकी हमले के बाद 7 मई 2025 ,Hindi,,,,,,,12700000,195,,,,,True,True,1,defender,defensive,defend_context,True,Rajnath Singh withheld Operation Sindoor martyrs information,Lucky Bisht explains why Rajnath withheld Sindoor martyrs info.
YouTube,https://www.youtube.com/watch?v=-GYUmy5joRc,Urban mint 🍃,Youtube,,,,2026-06-29,09:59,coverage,Efence Minister Rajnath Singh Lied in Parliament #parliament #dharmendrapradhan #indianarmy #news,क्या संसद में Operation Sindoor को लेकर पूरी तस्वीर रखी गई थी?इस वीडियो में मैंने 3 महत्वपूर्ण घटनाओं की टाइमलाइन दिखाई है:📌 11 May 2025 – DGMO की आधिकारिक ब्री,Hindi,,,,,,,7,5,,,,,True,True,-2,attacker,critical,rajnath_lied_parliament,True,Rajnath Singh lied in Parliament on Op Sindoor,Video alleges Rajnath lied in Parliament using Sindoor timeline.
YouTube,https://www.youtube.com/watch?v=ayjg7h0GcvA,ET Digital,Youtube,,,,2026-06-30,09:40,coverage,Outgoing Army Chief General Upendra Dwivedi lays wreath at Delhi's National War Memorial,#shortsfeed #shorts ► Subscribe to ET Digital for the latest video updates. It’s free! - https://www.youtube.com/@ETDigital► More Videos @ ETTV - https://econom,English,,,,,,,35600,144,,,,,True,False,0,neutral_reporter,,neutral_news,False,,Outgoing Army Chief Gen Dwivedi lays wreath at National War Memorial.
YouTube,https://www.youtube.com/watch?v=TSEgf1u_vyI,AVP24 News,Youtube,,,,2026-06-30,12:32,coverage,'ऑपरेशन सिंदूर' के शहीदों का अपमान ? | Congress का Rajnath Singh पर बड़ा हमला,'ऑपरेशन सिंदूर' के शहीदों का अपमान ? | Congress का Rajnath Singh पर बड़ा हमलादिल्ली में कांग्रेस ने रक्षा मंत्री Rajnath Singh के बयान को लेकर केंद्र सरकार पर न,Hindi,,,,,,,28700,1,,,,,True,True,-2,attacker,critical,rajnath_lied_parliament,True,Rajnath misled Parliament on Sindoor casualties,Congress attacks Rajnath for misleading Parliament on Operation Sindoor martyrs.
YouTube,https://www.youtube.com/watch?v=yexeImJRD6M,AVP24 News,Youtube,,,,2026-06-30,13:01,coverage,"Congress का Rajnath Singh पर बड़ा हमला! | ""संसद में झूठ बोला गया"" | Delhi Press Conference","Congress का Rajnath Singh पर बड़ा हमला! | ""संसद में झूठ बोला गया"" | Delhi Press Conferenceदिल्ली में आयोजित प्रेस कॉन्फ्रेंस के दौरान AICC एक्स-सर्विसमैन विभाग ",Hindi,,,,,,,28700,1,,,,,True,True,-2,attacker,critical,rajnath_lied_parliament,True,Rajnath lied in Parliament on Operation Sindoor,Congress press conference accuses Rajnath of lying in Parliament on Sindoor.
YouTube,https://www.youtube.com/watch?v=px4oPzL9U_A,DD India,Youtube,,,,2026-06-30,13:04,coverage,General Upendra Dwivedi as COAS tenure concludes,"As part of his farewell ceremony, outgoing Chief of Army Staff General Upendra Dwivedi paid tribute to India’s fallen heroes by laying a wreath at the National ",English,,,,,,,1070000,37,,,,,True,False,0,neutral_reporter,,neutral_news,False,,Outgoing Army Chief Gen Dwivedi lays wreath at National War Memorial.
YouTube,https://www.youtube.com/watch?v=0CTOOfrlZOU,Lakshya IAS Academy,Youtube,,,,2026-06-30,13:05,coverage,Operation Sindoor: Rajnath Singh ने संसद में क्या छुपाया? 6 शहीदों के नाम पर उठे सवाल? #lakshyaias,#PahalgamAttack#hindinews#Military News#breakingnews #hindinews #OperationSindoor #RajnathSingh #IndianArmy #IndianAirForce #Parliament #PahalgamAttack #Pakista,Hindi,,,,,,,81000,1,,,,,True,True,-1,questioner,critical,rajnath_lied_parliament,True,Rajnath hid six Op Sindoor martyrs names in parliament,Video questions if Rajnath hid six martyrs names in parliament.
YouTube,https://www.youtube.com/watch?v=CF9O8m8QnSs,BNS MEDIA,Youtube,,,,2026-06-30,16:45,coverage,Army Chief Upendra Dwivedi's Emotional Farewell | Final Tribute at National War Memorial | BNS MEDIA,Outgoing Chief of Army Staff General Upendra Dwivedi paid tribute at the National War Memorial in New Delhi during his farewell ceremony. He highlighted the Ind,English,,,,,,,158000,655,,,,,True,False,0,neutral_reporter,,neutral_news,False,,Outgoing Army Chief pays farewell tribute at National War Memorial.
YouTube,https://www.youtube.com/watch?v=ky-aq57Q-uw,ANI Bharat,Youtube,,,,2026-07-01,10:01,coverage,Air Marshal Ashutosh Dixit ने National War Memorial पर पुष्पांजलि अर्पित की | Indian Army,Air Marshal Ashutosh Dixit ने National War Memorial पर पुष्पांजलि अर्पित की | Indian Army#ashutoshdixit #nationalwarmemorial #indianarmySubscribe Now ► https://,English,,,,,,,1480000,7,,,,,True,False,0,tribute,,tribute_martyrs,False,,Air Marshal Ashutosh Dixit pays floral tribute at National War Memorial.
YouTube,https://www.youtube.com/watch?v=q9JB1xvfn-0,Punjab Kesari TV,Youtube,,,,2026-07-01,11:08,coverage,Air Marshal Ashutosh Dixit ने Delhi में National War Memorial पर अर्पित की श्रद्धांजलि | Indian Army,Air Marshal Ashutosh Dixit ने Delhi में National War Memorial पर अर्पित की श्रद्धांजलि | Indian Army #ashutoshdixit #nationalwarmemorial #indianarmySubscribe to,English,,,,,,,5320000,11,,,,,True,False,0,tribute,,tribute_martyrs,False,,Air Marshal Ashutosh Dixit offers tribute at National War Memorial Delhi.
YouTube,https://www.youtube.com/watch?v=9D42wN-mx-c,ANI News,Youtube,,,,2026-07-01,11:35,coverage,LIVE: New Army Chief Gen Dhiraj Seth lays wreath at National War Memorial | Indian Army,LIVE: New Army Chief Gen Dhiraj Seth lays wreath at National War Memorial | Indian Army#indianarmy #Dhirajseth #armychief #nationalwarmemorial #live Join ANI's ,English,,,,,,,9590000,34,,,,,True,False,0,neutral_reporter,,neutral_news,False,,Live coverage of new Army Chief Gen Dhiraj Seth wreath-laying ceremony.
YouTube,https://www.youtube.com/watch?v=sqHlQfe6UFM,IANS TV,Youtube,,,,2026-07-01,11:44,coverage,Lt Gen Dhiraj Seth's First Tribute as Army Chief | National War Memorial | New Army Chief,Lt Gen Dhiraj Seth's First Tribute as Army Chief | National War Memorial | New Army Chief#LtGenDhirajSeth #IndianArmy #ArmyChief #NationalWarMemorial #FallenHer,English,,,,,,,1340000,223,,,,,True,False,0,tribute,,other,False,,New Army Chief pays first tribute at National War Memorial.
YouTube,https://www.youtube.com/watch?v=YcCdtPeOvr4,Safar With LK,Youtube,,,,2026-07-01,14:33,coverage,"National War Memorial Delhi, #nationalwarmemorial #indiagate #travel #delhi","National War Memorial Delhi, #nationalwarmemorial #indiagate #travel #delhi",English,,,,,,,169,3,,,,,True,False,0,bystander,,other,False,,Travel post tags National War Memorial and India Gate as Delhi spots.
YouTube,https://www.youtube.com/watch?v=DgLBCg8OXDo,Yeh Desh Humara,Youtube,,,,2026-07-01,16:37,coverage,Operation Sindoor: 6 Hidden Heroes India Will Never Forget,"Operation Sindoor was not just a military response — it was a story of courage, duty, sacrifice, and the unbreakable spirit of India’s armed forces.In this vide",English,,,,,,,3,1,,,,,True,True,2,tribute,defensive,tribute_martyrs,False,,Video tribute to six Op Sindoor martyrs at National War Memorial.
YouTube,https://www.youtube.com/watch?v=m_H7x_x7f3M,ABPLIVE,Youtube,,,,2026-07-01,19:17,coverage,National War Memorial में एयर मार्शल ने पुष्पांजलि अर्पित की  |ABPLIVE,नेशनल वॉर मेमोरियल में एयर मार्शल ने देश के वीर शहीदों को श्रद्धांजलि अर्पित करते हुए पुष्पचक्र समर्पित किया। इस अवसर पर सैन्य परंपराओं के अनुरूप सम्मान समारोह ,English,,,,,,,31000000,13,,,,,True,False,0,tribute,,tribute_martyrs,False,,Air Marshal offers floral tribute to martyrs at National War Memorial.
YouTube,https://www.youtube.com/watch?v=G-TozhH8bnk,Life in Silence,Youtube,,,,2026-07-02,08:47,coverage,🇮🇳 National War Memorial to India Gate | Kartavya Path | Amar Jawan Jyoti | Tribute to Our Brave #ps,🇮🇳 National War Memorial to India Gate | Kartavya Path | Amar Jawan Jyoti | Tribute to Our Brave #ps Experience the pride of India through the National War Memo,English,,,,,,,71,6,,,,,True,False,1,tribute,,other,False,,"YouTube tribute video of National War Memorial, India Gate and Amar Jawan Jyoti"
YouTube,https://www.youtube.com/watch?v=jNJ4W6ACXUo,Adventure Travel India🇮🇳,Youtube,,,,2026-07-02,12:36,coverage,National war memorial ceremony,"Please support channel 🙏 ............Subscribe , like and comment",English,,,,,,,107,12,,,,,True,False,0,bystander,,other,False,,YouTube video of National War Memorial ceremony seeking channel support.
YouTube,https://www.youtube.com/watch?v=U__5ozFpMgM,Big Smile,Youtube,,,,2026-07-02,19:00,coverage,Did Defence Minister Rajnath Singh lie in Parliament? #shorts #rajnathsingh #parliament #bjp #viral,"Did Defence Minister Rajnath Singh lie in Parliament? #shorts #rajnathsingh #parliament #bjp #viral Did Defence Minister Rajnath Singh mislead Parliament, or is",English,,,,,,,439,29,,,,,True,True,0,questioner,critical,rajnath_lied_parliament,False,,Questions if Rajnath Singh lied in Parliament over Operation Sindoor.
YouTube,https://www.youtube.com/watch?v=x5tJwAWe7FQ,News 24,Youtube,,,,2026-07-02,19:31,coverage,'Ops Sindoor' पर Parliament में मचेगा घमासान! Cong. ने सौंपा Rajnath Singh के खिलाफ Privilege Motion,#congress #rajnathsingh #operationsindoor #parliament  #News #News24 #News24LIVE 'Ops Sindoor' पर Parliament में मचेगा घमासान! Cong. ने सौंपा Rajnath Singh के ख,English,,,,,,,27100000,26,,,,,True,True,-1,neutral_reporter,neutral,rajnath_lied_parliament,True,"Rajnath Singh lied, privilege motion filed",Report on Congress privilege motion against Rajnath over Operation Sindoor.
YouTube,https://www.youtube.com/watch?v=Ah-a-p3wELg,India Today,Youtube,,,,2026-07-02,19:34,coverage,Congress Moves Privilege Motion Against Rajnath Singh Over Operation Sindoor #bjp #congress,The Congress party has submitted a Privilege Motion against Defence Minister Rajnath Singh over his statement on Operation Sindoor.Congress MP K. C. Venugopal s,English,,,,,,,11200000,7,,,,,True,True,0,neutral_reporter,neutral,opposition_attack,False,,Congress submits privilege motion against Rajnath Singh over Operation Sindoor statement.
YouTube,https://www.youtube.com/watch?v=UQ-qH1WAuWc,Scroll.in,Youtube,,,,2026-07-02,20:00,coverage,Did Rajnath Singh lie? | Chronology Samajhiye,"#ChronologySamajhiye | Remember when Rajnath Singh claimed in Parliament that no harm was caused to Indian soldiers during #OperationSindoor?Well, now six names",English,,,,,,,520000,127,,,,,True,True,-1,questioner,critical,rajnath_lied_parliament,True,Rajnath claimed no harm to Indian soldiers in Op Sindoor,Questions if Rajnath lied on zero casualties after memorial names.
YouTube,https://www.youtube.com/watch?v=u1SJf7XH8Rs,No.1 INDIA NEWS,Youtube,,,,2026-07-02,23:40,coverage,'Ops Sindoor' पर Parliament में मचेगा घमासान! Cong. ने सौंपा Rajnath Singh के खिलाफ Privilege Motion,'Ops Sindoor' पर Parliament में मचेगा घमासान! Cong. ने सौंपा Rajnath Singh के खिलाफ Privilege Motion#no1indianews #primeminister #congressleaderrahulgandhi #raj,Hindi,,,,,,,4080,0,,,,,True,True,-1,neutral_reporter,neutral,rajnath_lied_parliament,True,"Rajnath Singh lied, privilege motion filed",Congress submits privilege motion against Rajnath over Operation Sindoor.
YouTube,https://www.youtube.com/watch?v=wvbTbbIhl94,Times Now Navbharat,Youtube,,,,2026-07-03,06:17,coverage,Operation Sindoor | संसद में Rajnath Singh का 'वो बयान' ...अब कांग्रेस लाएगी विशेषाधिकार प्रस्ताव !,"'ऑपरेशन सिंदूर' पर रक्षा मंत्री के बयान को लेकर उनके ख़िलाफ़ विशेषाधिकार प्रस्ताव लाने पर कांग्रेस सांसद के.सी. वेणुगोपाल ने कहा, ""राजनाथ सिंह के ख़िलाफ़ विशेषा",Hindi,,,,,,,24400000,67,,,,,True,True,-1,neutral_reporter,neutral,opposition_attack,True,Rajnath misled Parliament on Op Sindoor casualties,Congress plans privilege motion against Rajnath over Sindoor remarks.
YouTube,https://www.youtube.com/watch?v=SgmJdciWk04,News18 India,Youtube,,,,2026-07-03,10:00,coverage,"Operation Sindoor : Parliament में घमासान, Rajnath Singh के खिलाफ Congress का Notice","Operation Sindoor : Parliament में घमासान, Rajnath Singh के खिलाफ Congress का NoticeDelhi : ऑपरेशन सिंदूर' पर रक्षा मंत्री के बयान को लेकर उनके ख़िलाफ़ विशेषाधि",Hindi,,,,,,,40600000,1,,,,,True,True,0,neutral_reporter,neutral,opposition_attack,False,,Congress files privilege notice against Rajnath Singh over Operation Sindoor remarks.
YouTube,https://www.youtube.com/watch?v=wur5w89FUQk,The dhakkampel News,Youtube,,,,2026-07-03,11:02,coverage,मोदी सरकार में महा-बगावत? Yogi vs Delhi और Rajnath Singh का 'झूठ'!,Modi Cabinet Expansion Delayed और देश की राजनीति में इस वक्त एक ऐसा सियासी बवंडर उठ रहा है जिसने दिल्ली के सत्ता केंद्रों को हिला कर रख दिया है। एक तरफ Paper Le,Hindi,,,,,,,1520000,6,,,,,True,True,-2,attacker,critical,rajnath_lied_parliament,True,Rajnath Singh lied on Op Sindoor,"Attacks Rajnath 'lie', privilege motion and BJP rifts."
YouTube,https://www.youtube.com/watch?v=GnbX_UyIOIQ,Safar With LK,Youtube,,,,2026-07-03,14:47,coverage,India Gate and  national war Memorial Delhi #travel #trending #minivlog #vlog,India Gate and national war Memorial Delhi must visit place in Delhi #travel #trending,English,,,,,,,169,3,,,,,True,False,0,bystander,,other,False,,Travel vlog calls India Gate and National War Memorial must-visit places.
YouTube,https://www.youtube.com/watch?v=aIJhOt96H7U,Ankit Amin,Youtube,,,,2026-07-04,23:17,coverage,🇮🇳National War Memorial Pune 🇮🇳,,English,,,,,,,71,2,,,,,True,False,0,bystander,,other,False,,YouTube video of National War Memorial Pune with patriotic framing.
YouTube,https://www.youtube.com/watch?v=JE_-O2qZfjA,Md Chand,Youtube,,,,2026-07-05,16:24,coverage,India Gate Vlog 🇮🇳 | Rashtrapati Bhavan & National War Memorial | Delhi Vlog,"🇮🇳 India Gate Vlog | Delhi Travel VlogWelcome to my new India Gate Vlog! Is video me maine India Gate, Rashtrapati Bhavan aur National War Memorial ko explore k",English,,,,,,,13,10,,,,,True,False,0,bystander,,other,False,,"Delhi travel vlog explores India Gate, Rashtrapati Bhavan and War Memorial."
YouTube,https://www.youtube.com/watch?v=D7BvS4U0pk8,Prissu Diary,Youtube,,,,2026-07-05,19:49,coverage,National War Memorial #NewDelhi #indiagate,,English,,,,,,,14,4,,,,,True,False,0,bystander,,other,False,,YouTube post simply tags National War Memorial and India Gate.
YouTube,https://www.youtube.com/watch?v=tgJYVL5op7c,Subrat Barik,Youtube,,,,2026-07-05,21:36,coverage,National War Memorial(नेशनल वॉर मेमोरियल) DELHI  दिल्ली,,Hindi,,,,,,,400,2,,,,,True,False,0,bystander,,other,False,,YouTube title only for National War Memorial Delhi visit.
YouTube,https://www.youtube.com/watch?v=fKPwWdmpcqY,BK Sain,Youtube,,,,2026-07-06,08:00,coverage,"🇮🇳 India Gate Complete Guide 2026 | Parking, Nearest Metro & National War Memorial | Delhi Vlog!!","🇮🇳 India Gate Complete Guide 2026 | Parking, Nearest Metro & National War Memorial | Delhi Vlog",English,,,,,,,7590,7,,,,,True,False,0,bystander,,other,False,,"Travel guide covers India Gate parking, metro and National War Memorial."
YouTube,https://www.youtube.com/watch?v=TKE0hqkKEXQ,Public Sampark,Youtube,,,,2026-07-07,11:23,coverage,"CJP Protest: ""संसद में झूठ बोला गया, रक्षा मंत्री इस्तीफा दें"" | Rajnath Singh |","CJP Protest: ""संसद में झूठ बोला गया, रक्षा मंत्री इस्तीफा दें"" | Rajnath Singh | Jantar Mantar Delhi Protest | Jantar Mantar Delhi | #cjp #cjpprotest #jantarman",English,,,,,,,420000,616,,,,,True,True,-2,attacker,critical,opposition_attack,True,Rajnath lied in Parliament and must resign,CJP protest demands Rajnath resign for allegedly lying in Parliament.
YouTube,https://www.youtube.com/watch?v=dkDGvGXHbQQ,PUBLIC PARDAFASH,Youtube,,,,2026-07-07,12:24,coverage,"CJP Protest: ""संसद में झूठ बोला गया, रक्षा मंत्री इस्तीफा दें"" | Rajnath Singh | Jantar Mantar",,Hindi,,,,,,,1630,3,,,,,True,True,-2,attacker,critical,opposition_attack,True,Rajnath lied in Parliament and must resign,CJP protest at Jantar Mantar demands Rajnath Singh resign over lies.
YouTube,https://www.youtube.com/watch?v=i-EHn3HtT1I,Pankaj Yadav,Youtube,,,,2026-07-07,13:29,coverage,India gate se National war memorial gye ham ajj @Pankajyadavvlog02,,English,,,,,,,544,2,,,,,True,False,0,bystander,,other,False,,Vlog shows a visit from India Gate to National War Memorial.
YouTube,https://www.youtube.com/watch?v=g-bWjVfcuqI,THE MEME CADET,Youtube,,,,2026-07-07,14:00,coverage,Freedom Has Names #Shorts #indianarmedforces #nationalwarmemorial,This video is a tribute to the brave men and women of the Indian Armed Forces who have sacrificed their lives for the nation's freedom. The National War Memoria,English,,,,,,,7,43,,,,,True,False,1,tribute,,tribute_martyrs,False,,Short tribute video to armed forces martyrs at National War Memorial.
YouTube,https://www.youtube.com/watch?v=khUHANSulAI,Dikshant Pilania,Youtube,,,,2026-07-07,21:15,coverage,Operation Sindoor: Did Rajnath Singh Mislead India Over Soldiers' Deaths? #viral,"Mahino tak chupa kar rakha gaya ek aisa sach, jo ab sabke saamne aa chuka hai. Operation Sindoor mein desh ke liye apni jaan kurban karne wale 6 shaheed jawano ",English,,,,,,,43800,40,,,,,True,True,-2,misinfo_spreader,critical,govt_hid_casualties,True,Six Op Sindoor martyrs deaths hidden for months; Rajnath misled,Video alleges six martyrs deaths hidden months; questions if Rajnath misled.
YouTube,https://www.youtube.com/watch?v=woCAfnaicJE,Mukesh Neetu 70,Youtube,,,,2026-07-08,05:23,coverage,National War Memorial Vlog,National War Memorial Vlog hai.yah video me ai dwara banaya gya hai.issme jo army uniform me vlog hai vo kisi sarkari ya satshta se juda nahi hai.sirf Vlogging ,English,,,,,,,611,45,,,,,True,False,0,tribute,,tribute_martyrs,False,,Routine AI-generated vlog tour of National War Memorial honouring army.
YouTube,https://www.youtube.com/watch?v=THXQgtU7Awo,DASH PRODUCTION HOUSE,Youtube,,,,2026-07-08,21:23,coverage,"National War Memorial, Delhi | Jai Jawan #indianarmy #indiannavy #indianairforce #jaihind",,English,,,,,,,568,44,,,,,True,False,0,tribute,,tribute_martyrs,False,,Routine video of National War Memorial with Jai Jawan hashtags.
YouTube,https://www.youtube.com/watch?v=_mVEIkZ1gFM,Love nature🌲⛰️,Youtube,,,,2026-07-08,22:47,coverage,A Tribute to Our Heroes 🇮🇳 | National War Memorial at Night-Amar Jawan Jyoti,A stunning and peaceful night view of the National War Memorial in New Delhi. Watching the eternal flame burn bright in honor of the brave soldiers who sacrific,English,,,,,,,11300,1,,,,,True,False,1,tribute,,other,False,,Night view tribute video of National War Memorial and Amar Jawan Jyoti
YouTube,https://www.youtube.com/watch?v=I78dtAkAWZg,Suprabha Lakra,Youtube,,,,2026-07-09,04:37,coverage,shorts#national war memorial#Delhi#2026,,English,,,,,,,330,1,,,,,True,False,0,bystander,,other,False,,"YouTube short tagged National War Memorial Delhi 2026, no content."
YouTube,https://www.youtube.com/watch?v=1pMm_sYLlGM,Walk with KC,Youtube,,,,2026-07-09,16:22,coverage,National War Memorial - India Gate New Delhi #shorts #viral #delhi #indiagate #trending #travel,"A place of pride, courage, and remembrance. 🇮🇳🕊️The National War Memorial stands as a tribute to the brave soldiers who made the ultimate sacrifice for our nati",English,,,,,,,2240,30,,,,,True,False,0,tribute,,tribute_martyrs,False,,Short video tribute to National War Memorial near India Gate.
YouTube,https://www.youtube.com/watch?v=Vdc5oCxYMvs,Ehararalam345,Youtube,,,,2026-07-10,05:35,coverage,🇮🇳 National War Memorial Delhi | Every Indian Must Visit This Place! | #viralshorts #travel #vilog,"🇮🇳 National War Memorial | New Delhi | Complete Travel Vlog | Tribute to India's Brave SoldiersWelcome to another inspiring journey!In today's vlog, we explore ",English,,,,,,,291,2,,,,,True,False,0,tribute,,tribute_martyrs,False,,Travel vlog touring Delhi National War Memorial honouring soldiers.
